Model,Trial,Params,Rank_R2_cv,R2_cv,R2_cv_std,MAE_cv,MAE_cv_std,RMSE_cv,RMSE_cv_std,R2_train_cv,MAE_train_cv,RMSE_train_cv,Fit_time_seconds,R2_fold_1,R2_fold_2,R2_fold_3,MAE_fold_1,MAE_fold_2,MAE_fold_3,RMSE_fold_1,RMSE_fold_2,RMSE_fold_3,model__n_estimators,model__max_depth,model__learning_rate,model__min_child_weight,model__subsample,model__colsample_bytree,model__reg_alpha,model__reg_lambda,model__min_samples_split,model__min_samples_leaf,model__max_features
XGBoost,1,"{""model__colsample_bytree"": 1.0, ""model__learning_rate"": 0.05, ""model__max_depth"": 4, ""model__min_child_weight"": 5, ""model__n_estimators"": 600, ""model__reg_alpha"": 0.0, ""model__reg_lambda"": 10.0, ""model__subsample"": 0.9}",10,0.8562566761999763,0.005967016761696917,60.543748753914464,1.5991548919090683,93.5380698983044,2.7108637595420886,0.8803771225772877,55.44168824187531,85.33709366410419,3.931241512298584,0.8629481711609607,0.8573635520969886,0.8484583053419797,58.331739298728834,61.242070786139834,62.05743617687474,90.40476484748315,93.1916168129158,97.01782803451427,600,4.0,0.05,5.0,0.9,1.0,0.0,10.0,,,
XGBoost,2,"{""model__colsample_bytree"": 0.8, ""model__learning_rate"": 0.03, ""model__max_depth"": 8, ""model__min_child_weight"": 3, ""model__n_estimators"": 400, ""model__reg_alpha"": 1.0, ""model__reg_lambda"": 5.0, ""model__subsample"": 1.0}",7,0.8702101910092305,0.004314036423570443,56.40758748123658,1.5458919301142948,88.88610936536328,2.215544340777073,0.9143039739060889,46.5695345707807,72.22921458712831,1.9741545518239338,0.8754847882223519,0.8702281388272675,0.8649176459780723,54.42019797208557,56.612368429635424,58.190196041988735,86.17079685683574,88.88978497918225,91.59774626007187,400,8.0,0.03,3.0,1.0,0.8,1.0,5.0,,,
XGBoost,3,"{""model__colsample_bytree"": 0.9, ""model__learning_rate"": 0.1, ""model__max_depth"": 6, ""model__min_child_weight"": 1, ""model__n_estimators"": 400, ""model__reg_alpha"": 0.1, ""model__reg_lambda"": 10.0, ""model__subsample"": 1.0}",5,0.8782193926133797,0.003499423646363555,53.44810348970052,1.2834879514245876,86.10095693864832,1.9396991119051714,0.9224407648390539,42.76312320564595,68.7116293385342,1.5040795008341472,0.8829892757377596,0.8769768651704601,0.8746920369319191,51.86897778702765,53.4625640938808,55.01276858819314,83.53370361189147,86.5475909292509,88.2215762748026,400,6.0,0.1,1.0,1.0,0.9,0.1,10.0,,,
XGBoost,4,"{""model__colsample_bytree"": 0.9, ""model__learning_rate"": 0.1, ""model__max_depth"": 4, ""model__min_child_weight"": 3, ""model__n_estimators"": 300, ""model__reg_alpha"": 0.0, ""model__reg_lambda"": 10.0, ""model__subsample"": 0.9}",9,0.8570533308708338,0.005689749267846951,60.40713155851128,1.5866223147277714,93.27937096033725,2.619327208657539,0.8822567659401752,54.998208678448286,84.66472794663328,1.2098340193430583,0.8632073301020593,0.8584658847066241,0.8494867778038181,58.328709431250275,60.71410178056569,62.178583463717864,90.31924869747047,92.83081349788512,96.68805068565614,300,4.0,0.1,3.0,0.9,0.9,0.0,10.0,,,
XGBoost,5,"{""model__colsample_bytree"": 0.9, ""model__learning_rate"": 0.1, ""model__max_depth"": 8, ""model__min_child_weight"": 3, ""model__n_estimators"": 600, ""model__reg_alpha"": 0.1, ""model__reg_lambda"": 1.0, ""model__subsample"": 0.9}",1,0.8925420614219554,0.003990957574560596,48.054144946635695,0.968337638242327,80.87576177536877,2.120234292953701,0.985773744642874,18.61857932454787,29.42430445517232,3.1840340296427407,0.8956757920543695,0.8950404651971511,0.8869099270143453,46.89046178021847,48.010768337048404,49.261204722640215,78.87537759771091,79.94154502895698,83.81036269943843,600,8.0,0.1,3.0,0.9,0.9,0.1,1.0,,,
XGBoost,6,"{""model__colsample_bytree"": 1.0, ""model__learning_rate"": 0.03, ""model__max_depth"": 4, ""model__min_child_weight"": 5, ""model__n_estimators"": 400, ""model__reg_alpha"": 0.0, ""model__reg_lambda"": 1.0, ""model__subsample"": 0.9}",12,0.8246359423659549,0.007413588873286042,70.87550330344283,1.7097865609843734,103.31489752004931,3.0362298817199593,0.845014595305019,67.29805348249259,97.13549085304531,1.3278165658315022,0.8331214281983712,0.8257260549338252,0.8150603439656686,68.57152772842254,71.3920168283218,72.66296535358413,99.75833463317241,103.00962834837392,107.17672957860158,400,4.0,0.03,5.0,0.9,1.0,0.0,1.0,,,
XGBoost,7,"{""model__colsample_bytree"": 0.8, ""model__learning_rate"": 0.03, ""model__max_depth"": 4, ""model__min_child_weight"": 5, ""model__n_estimators"": 600, ""model__reg_alpha"": 0.0, ""model__reg_lambda"": 10.0, ""model__subsample"": 0.9}",11,0.8329276829374531,0.006507339597857175,67.22092441153482,1.6847995356484533,100.84484377540154,2.8021610749598618,0.8532054306891302,63.391871530222964,94.53395077065147,1.3626227378845215,0.8409889120599662,0.8327416283950442,0.8250525083573491,64.92511610401552,67.81676663550235,68.92089049508664,97.37839401107856,100.91495273899353,104.2411845761325,600,4.0,0.03,5.0,0.9,0.8,0.0,10.0,,,
XGBoost,8,"{""model__colsample_bytree"": 0.9, ""model__learning_rate"": 0.05, ""model__max_depth"": 6, ""model__min_child_weight"": 1, ""model__n_estimators"": 400, ""model__reg_alpha"": 1.0, ""model__reg_lambda"": 10.0, ""model__subsample"": 0.9}",8,0.8665322084901069,0.005277178819465634,57.17548831342899,1.6747073220017934,90.13362031703655,2.525864149642637,0.9061450923594591,48.330491540466625,75.58988408036986,1.2754046122233074,0.8735593991427391,0.8651950478831416,0.8608421784444402,54.94286586339096,57.60731822516091,58.976280851735126,86.834474175287,90.59714507303994,92.96924170278268,400,6.0,0.05,1.0,0.9,0.9,1.0,10.0,,,
XGBoost,9,"{""model__colsample_bytree"": 0.9, ""model__learning_rate"": 0.1, ""model__max_depth"": 6, ""model__min_child_weight"": 5, ""model__n_estimators"": 600, ""model__reg_alpha"": 0.1, ""model__reg_lambda"": 10.0, ""model__subsample"": 0.9}",3,0.8863867006802191,0.004023219439012939,50.33794042196845,0.8607709305230148,83.16181104612764,2.1613686066178968,0.944141405404802,36.08642060805843,58.31190340299895,1.757409890492757,0.8911185824265767,0.8867568908959217,0.8812846287181589,49.146044225604754,50.71958153223225,51.14819550806834,80.57972604234836,83.03620286579046,85.86950423024409,600,6.0,0.1,5.0,0.9,0.9,0.1,10.0,,,
XGBoost,10,"{""model__colsample_bytree"": 1.0, ""model__learning_rate"": 0.1, ""model__max_depth"": 6, ""model__min_child_weight"": 1, ""model__n_estimators"": 600, ""model__reg_alpha"": 0.0, ""model__reg_lambda"": 10.0, ""model__subsample"": 0.8}",2,0.8880897007761824,0.004301254586311941,49.9341306158355,1.0801188060845879,82.53480339965495,2.2629327117560876,0.9553933731371144,32.23628486993196,52.110547968950264,2.2180870374043784,0.892802396717962,0.8890641273765681,0.8824025782340172,48.65005722111754,49.85968173021354,51.292652896175404,79.95422924305335,82.18595215139096,85.46422880452053,600,6.0,0.1,1.0,0.8,1.0,0.0,10.0,,,
XGBoost,11,"{""model__colsample_bytree"": 0.8, ""model__learning_rate"": 0.05, ""model__max_depth"": 6, ""model__min_child_weight"": 5, ""model__n_estimators"": 600, ""model__reg_alpha"": 0.1, ""model__reg_lambda"": 1.0, ""model__subsample"": 1.0}",4,0.8812355461858171,0.004658807830764994,52.37517504070983,1.591116417630034,85.02356959691804,2.3316547003175825,0.9266190836181343,41.917436180400365,66.83800695960873,3.1455439726511636,0.8852842430487307,0.883712617073883,0.8747097784348378,50.55726836702616,52.135699591770845,54.4325571633325,82.71046088823627,84.1449171955127,88.21533070700514,600,6.0,0.05,5.0,1.0,0.8,0.1,1.0,,,
XGBoost,12,"{""model__colsample_bytree"": 0.8, ""model__learning_rate"": 0.03, ""model__max_depth"": 8, ""model__min_child_weight"": 1, ""model__n_estimators"": 400, ""model__reg_alpha"": 0.1, ""model__reg_lambda"": 5.0, ""model__subsample"": 0.9}",6,0.872278378533819,0.004109725655601341,55.757713375066544,1.5279887262243403,88.17517145938507,2.143162969683786,0.923509460879337,43.857605775783554,68.23992003665587,3.8054256439208984,0.8777997317036552,0.8710895676641943,0.8679458362336071,53.75671827296905,56.051713741238096,57.46470811099249,85.36600999591339,88.59426744946073,90.56523693278106,400,8.0,0.03,1.0,0.9,0.8,0.1,5.0,,,
Random Forest,1,"{""model__max_depth"": null, ""model__max_features"": 1.0, ""model__min_samples_leaf"": 4, ""model__min_samples_split"": 5, ""model__n_estimators"": 500}",5,0.8448716059654511,0.007604408140229167,59.61283203101495,1.8363518401304202,97.16663862659505,3.18358910673934,0.9249516886957591,40.08034119453672,67.59180919135534,70.96932212511699,0.8536555712572476,0.8458528904875952,0.8351063561515105,57.26526509158527,59.824857100819436,61.74837390064015,93.41938418889872,96.87891845661419,101.20161323427222,500,,,,,,,,5.0,4.0,1.0
Random Forest,2,"{""model__max_depth"": null, ""model__max_features"": 0.7, ""model__min_samples_leaf"": 1, ""model__min_samples_split"": 2, ""model__n_estimators"": 300}",1,0.8774602274582161,0.0065547459394071795,50.61630154604248,1.7637100950766682,86.35392604608494,2.941214352206395,0.9829719771625888,18.75230135310836,32.19678494022168,52.746031761169434,0.8821199081985651,0.8820703130994467,0.8681904610766364,48.539261896963026,50.458811474583456,52.85083126658096,83.8434491442581,84.73701511152362,90.48131388247306,300,,,,,,,,2.0,1.0,0.7
Random Forest,3,"{""model__max_depth"": null, ""model__max_features"": 0.7, ""model__min_samples_leaf"": 4, ""model__min_samples_split"": 5, ""model__n_estimators"": 500}",4,0.8465107700955867,0.007238922717448955,59.48547894305275,1.7138043395919274,96.65333543291439,3.0825123516544712,0.9221153681715775,41.201953948480224,68.85695491850551,44.78798166910807,0.8553409324434356,0.846581686898342,0.8376096909449828,57.257764079470455,59.77250335872934,61.42616939095844,92.87989889463772,96.64962885142984,100.4304785526756,500,,,,,,,,5.0,4.0,0.7
Random Forest,4,"{""model__max_depth"": 20, ""model__max_features"": 0.7, ""model__min_samples_leaf"": 1, ""model__min_samples_split"": 2, ""model__n_estimators"": 300}",3,0.8480946330599054,0.006001591889355612,61.86785244067511,1.7888627753130104,96.15753736684115,2.662170731374947,0.9351479850423372,39.83649258592647,62.82782887180201,20.73043465614319,0.8536813136410837,0.850834863756706,0.8397677217819264,59.599828754664365,62.03124774605012,63.97248082131083,93.41116746541337,95.30051632305975,99.76092831205035,300,20.0,,,,,,,2.0,1.0,0.7
Random Forest,5,"{""model__max_depth"": 20, ""model__max_features"": 1.0, ""model__min_samples_leaf"": 2, ""model__min_samples_split"": 5, ""model__n_estimators"": 300}",7,0.8403950684835494,0.007598604429250936,63.372204500541066,1.796335448171938,98.5585025536379,3.108287954026152,0.9165955246484638,44.57333788518317,71.2566510921654,15.43800687789917,0.8469409009144199,0.8445026835666435,0.8297416209695848,61.13215086975128,63.454516826335016,65.5299458055369,95.53851347784712,97.30228479051692,102.83470939254968,300,20.0,,,,,,,5.0,2.0,1.0
Random Forest,6,"{""model__max_depth"": 12, ""model__max_features"": 1.0, ""model__min_samples_leaf"": 1, ""model__min_samples_split"": 2, ""model__n_estimators"": 500}",10,0.7966316060008274,0.006790754687015941,75.58229004934772,1.7478517616627178,111.26409459275662,2.7807596067426275,0.860067620182715,62.005098431317826,92.29578823711023,17.892617146174114,0.804754996057859,0.7970060606896715,0.7881337612549516,73.266764493573,75.99089682109422,77.4892088333759,107.90432892035825,111.17397263922578,114.71398221868584,500,12.0,,,,,,,2.0,1.0,1.0
Random Forest,7,"{""model__max_depth"": 20, ""model__max_features"": 1.0, ""model__min_samples_leaf"": 4, ""model__min_samples_split"": 2, ""model__n_estimators"": 500}",8,0.8281679858538196,0.006291704633836469,65.33848065667657,1.5988604743011101,102.27250664940895,2.722190902127256,0.8951287159132063,50.29366679980944,79.90209914543422,23.127239147822063,0.8359100140664288,0.8280948751382731,0.820499068356757,63.196253148988205,65.78295400055578,67.0362348204857,98.92132893853882,102.30715342053333,105.58903758915474,500,20.0,,,,,,,2.0,4.0,1.0
Random Forest,8,"{""model__max_depth"": 12, ""model__max_features"": 1.0, ""model__min_samples_leaf"": 4, ""model__min_samples_split"": 10, ""model__n_estimators"": 200}",12,0.7875286697790238,0.005719891815666532,76.83734918508539,1.6645757259191243,113.72844677438734,2.431113573576015,0.8345345245114241,67.30326327813681,100.36638156863374,4.6736001173655195,0.7955597024793901,0.7843513830505009,0.7826749238071804,74.49285170899122,77.82597545876651,78.19322038749844,110.4160369593479,114.5868887319268,116.18241463188728,200,12.0,,,,,,,10.0,4.0,1.0
Random Forest,9,"{""model__max_depth"": 20, ""model__max_features"": 1.0, ""model__min_samples_leaf"": 4, ""model__min_samples_split"": 2, ""model__n_estimators"": 300}",9,0.8281123642150127,0.006324426755122318,65.36740094648651,1.5853894028888136,102.28897160859496,2.731418959450852,0.8950580909779587,50.335275332476954,79.92924077200112,12.383420705795288,0.835816692212584,0.8281946707334298,0.8203257296990241,63.25238626260357,65.78052951518363,67.06928706167233,98.94945438926563,102.27745306846438,105.64000736805484,300,20.0,,,,,,,2.0,4.0,1.0
Random Forest,10,"{""model__max_depth"": null, ""model__max_features"": 1.0, ""model__min_samples_leaf"": 2, ""model__min_samples_split"": 2, ""model__n_estimators"": 200}",2,0.8664009329104472,0.00895668069467957,54.0030389795324,2.173692830545332,90.15360279354879,3.685678105895581,0.9624163507910176,26.688365727114107,47.83343518513065,17.68334150314331,0.8733715635370024,0.8720748165305244,0.8537564186638149,51.59522604745015,53.55188096180881,56.86200992933824,86.89894932341183,88.25505974338539,95.30679931384915,200,,,,,,,,2.0,2.0,1.0
Random Forest,11,"{""model__max_depth"": 12, ""model__max_features"": 0.7, ""model__min_samples_leaf"": 4, ""model__min_samples_split"": 2, ""model__n_estimators"": 300}",11,0.7918308273173934,0.00580313616106339,76.20441908507105,1.4496467636231032,112.57071546671658,2.4545989252406453,0.8389205960915757,66.82180364706586,99.02723463794133,5.594739278157552,0.7999985049390168,0.7884407937081231,0.7870531833050401,74.18424387532481,76.91221097318753,77.51680240670085,109.21078388074022,113.49521542403939,115.00614709537014,300,12.0,,,,,,,2.0,4.0,0.7
Random Forest,12,"{""model__max_depth"": 20, ""model__max_features"": 1.0, ""model__min_samples_leaf"": 1, ""model__min_samples_split"": 5, ""model__n_estimators"": 200}",6,0.8418293044768048,0.006935335102059813,63.12382354385975,1.8481351534753756,98.11701921438178,2.898996883868034,0.9243381274060729,43.19733304565568,67.86607851774544,9.708097457885742,0.8473778508078679,0.8460592111116376,0.8320508515109092,60.84600593587107,63.152747876422296,65.37271681928588,95.4020453432786,96.81406219103567,102.13495010883103,200,20.0,,,,,,,5.0,1.0,1.0
