Feature,R2_drop,R2_drop_std,MAE_increase,MAE_increase_std
car_age,0.8389215281614174,0.029021911604803732,124.72092288524652,2.813029333359624
carmodel_name,0.3385093398016837,0.004201179796974531,69.62895727122002,0.6451076387084653
carbrand_name,0.21971270781015217,0.00822628068371852,36.94517126693657,0.49163886113387273
fuel,0.11296462313747695,0.0029828183409767767,23.293713187689068,0.661380545333169
gearbox,0.10470817498552079,0.003114837675572328,25.73037373067683,0.45627033513888243
mileage_v2,0.029554981925452674,0.003153271077681077,9.764100699795193,0.5660154835564034
cartype,0.021761534279820572,0.0012167308544369785,8.016842270233628,0.15701960515837268
carseats,0.021604186284665428,0.0012816775189422047,6.027956442981339,0.19214683489063508
region_name,0.006545312538806103,0.001364077206628606,1.6608160346625822,0.2586107985283753
carorigin,0.006374871938668081,0.0009225239102042426,1.6073402765053912,0.21179960658357028
carcolor,0.006070553977362292,0.0005424847539740308,1.6281256608952035,0.1678186873037641
vb_bao_test,0.0017403309511315745,0.0005330000662722474,0.598680530249996,0.0924406649549357
vb_bao_hanh,0.001005174607566417,0.00021757402548857737,0.27167437062460636,0.06769766441847537
vb_zin,0.0009564720794763337,0.00015728948768393118,0.3029378546941885,0.05502911267614673
vb_chinh_chu,0.0006607448936739146,0.00023227809419938423,0.15134871873382139,0.053017655328176705
vb_khong_tua_odo,0.0006343656324321545,0.0002989737743109903,0.19410590858918794,0.049504098683238115
vb_khong_dam_dung,0.0003634572255187374,0.0002610591528652986,0.09838068067321899,0.030488609250963458
co_mo_ta,0.0003275971813271328,0.00024588413800722607,0.34961395023842246,0.1242934431392168
vb_khong_ngap_nuoc,0.00019053763077894192,0.0002856713599229181,0.04198289927998644,0.058950649016175846
vb_tra_gop,-6.365921096016525e-05,0.0004071357361396756,0.11575334656696726,0.04418342398034834
vb_bao_duong_hang,-0.0002238816847869529,0.0003255314418684464,-0.0022712762539242705,0.024146369654701055
