list_id,subject,carbrand_name,carmodel_name,car_age,mileage_v2,cartype,region_name,y_true,y_pred,residual,absolute_error,percentage_error
132681731,Hyundai Santa Fe 2024 4x4 Đỏ 18.000 km,Hyundai,Santa Fe,2,18000,,Thái Nguyên,280.0,1105.8316650390625,-825.8316650390625,825.8316650390625,294.93988037109375
134075172,Ford Laser 2005 Số sàn Xám,Ford,Laser,1,2588,,Tiền Giang,79.0,735.0989379882812,-656.0989379882812,656.0989379882812,830.5049847952928
133898145,Porsche Panamera 4S 2010 Trắng,Porsche,Panamera,16,98900,,Hồ Chí Minh,225.0,870.6397094726562,-645.6397094726562,645.6397094726562,286.95098198784723
134613420,Xe Volkswagen Viloran sx 2024 8 chỗ Chính Chủ Bán,Volkswagen,Viloran,2,60000,SUV / Crossover,Đồng Nai,123.456789,757.5120239257812,-634.0552349257813,634.0552349257813,513.584744963504
133620742,Ford Ranger XLS 2019 STD Zin Cọp Sơ Cua Chưa Hạ,Ford,Ranger,8,125000,Bán tải,Đắk Nông,41.5,589.703125,-548.203125,548.203125,1320.9713855421687
132587729,Range Rover Sport Autobiography Dầu 3.0 ***VN,LandRover,Range Rover,14,140000,,Hồ Chí Minh,999.0,467.7317810058594,531.2682189941406,531.2682189941406,53.18000190131538
133490213,CUSTIN góp nối. bao nợ xấu. xe trả góp,Hyundai,Custin,1,70000,,Cần Thơ,180.0,693.6256713867188,-513.6256713867188,513.6256713867188,285.34759521484375
133396040,"Toyota Camry 2019 2.5Q 7 Vạn Chuẩn, sơn zin 99%",Hyundai,Getz,16,65000,,Hồ Chí Minh,730.0,222.2420654296875,507.7579345703125,507.7579345703125,69.55588144798801
134482616,Ford Tourneo 2019 Đen 7 chỗ Tự động 190.000km,Ford,Tourneo,7,190000,,Hà Nội,100.0,591.8855590820312,-491.88555908203125,491.88555908203125,491.88555908203125
134445724,Ford Territory Titanium X 2024 góp nói,Ford,Territory,2,20816,SUV / Crossover,Đồng Tháp,250.0,733.4547729492188,-483.45477294921875,483.45477294921875,193.38190917968748
133618249,Hyundai Creta Trắng,Hyundai,Creta,3,20000,SUV / Crossover,Hồ Chí Minh,45.0,519.5701293945312,-474.57012939453125,474.57012939453125,1054.6002875434028
133716485,Honda CRV L 2019 - 650 Triệu,Honda,CR V,17,100000,SUV / Crossover,Hà Nội,650.0,195.41668701171875,454.58331298828125,454.58331298828125,69.93589430588942
134575654,Jaecoo J7 Flagship 2026 2 Cầu siêu lướt 150km,Chery,Jaecoo J7,0,150,,Hồ Chí Minh,785.0,333.2270202636719,451.7729797363281,451.7729797363281,57.550698055583204
134196056,Toyota Land Cruiser Prado 2009 Số tự động Đen 7 ch,Toyota,Land Cruiser Prado,17,190089,,Ninh Bình,695.0,274.5303039550781,420.4696960449219,420.4696960449219,60.49923684099595
133715991,Mercedes-Benz S500 Trắng,Mercedes Benz,Dòng khác,11,12999,,Hồ Chí Minh,1000.0,598.7981567382812,401.20184326171875,401.20184326171875,40.120184326171874
133888559,Toyota Innova 8 chỗ Số sàn Xăng Vàng cát,Toyota,Innova,0,30000,,Tiền Giang,168.0,565.1027221679688,-397.10272216796875,397.10272216796875,236.37066795712425
134669717,Hyundai Venue 2005 Đỏ 5.700 km Chính chủ,Hyundai,Venue,21,5700,SUV / Crossover,Bình Dương,515.0,118.05255889892578,396.9474411010742,396.9474411010742,77.0771730293348
134060232,Ford Ranger XLS 2024 4x2 bản cao cấp Trắng,Ford,Ranger,2,19000,Bán tải,Hồ Chí Minh,635.0,1026.7847900390625,-391.7847900390625,391.7847900390625,61.69839213213583
131457635,BMW 760LI 2006 97000 km,BMW,7 Series,20,97000,,Hồ Chí Minh,650.0,258.4497375488281,391.5502624511719,391.5502624511719,60.2385019155649
129429927,LandRover Range Rover Sport 2014 Autobiograph,LandRover,Range Rover Sport,12,89800,SUV / Crossover,Hồ Chí Minh,985.0,603.1983032226562,381.80169677734375,381.80169677734375,38.76159358145622
