feature,segment,n_test,n_train,MAE,RMSE,bias,median_absolute_error,MAPE,median_percentage_error,median_actual_price,within_20pct,eligible,MAE_vs_overall
price_band,>=900 triệu,135,640,103.25487037941262,148.73209645661183,90.65711647316262,64.0106201171875,10.157659376250782,5.90854742588141,999.0,82.22222222222221,True,2.198186443171678
model_frequency_group,Dòng xe hiếm (<10 tin train),157,573,101.48171005553606,148.6351772975744,20.64506705521884,63.97650146484375,35.88750864357785,20.314841757015305,380.0,47.77070063694268,True,2.1604377445273135
carmodel_name,Ranger,119,454,98.77580861324022,132.44621930576736,-3.237531158703716,78.9365234375,34.8118822124395,13.353360493977865,610.0,72.26890756302521,True,2.102831978860696
cartype,Bán tải,165,629,83.494013523911,116.81736944862638,-3.2061820660215443,61.90802001953125,29.834472712149246,11.81847502055921,560.0,74.54545454545455,True,1.7774988040743107
carbrand_name,Mercedes Benz,85,444,82.1757296239459,111.91765322757351,-10.474513432229434,59.6246337890625,20.774386298471313,13.867441813151041,599.0,67.05882352941175,True,1.7494339410174244
fuel,Dầu,471,1810,65.75550935587306,100.48800465276193,-1.9415217502861266,42.981964111328125,18.209291473650207,8.446994873356306,600.0,82.37791932059449,True,1.3998649041812963
region_name,An Giang,34,122,54.31901101505055,95.5048537026919,18.90169570025276,27.01653289794922,16.088403363600555,7.196633658860698,355.0,79.41176470588235,True,1.156394010093923
car_age_group,<5 năm,957,3972,51.27672884773253,88.45197880808794,1.1635969658057712,28.63726806640625,13.479903230793205,5.430810776115023,560.0,91.22257053291536,True,1.0916270563228512
mileage_group,<50.000 km,1047,4226,50.813780335971764,87.68589367487098,5.62605283134545,28.63726806640625,15.931492089357905,6.286485460069445,505.0,83.28557784145177,True,1.0817713745646962
gearbox,Số tự động,2120,8527,49.49566446464501,83.66178289499577,1.9527010350144007,28.638870239257812,14.618243602951472,6.337598309372411,479.0,86.60377358490567,True,1.0537100886589266
co_mo_ta,Có mô tả,1893,7608,47.60736589369027,81.74882670227399,1.2906241162252854,26.855377197265625,17.06368756835019,6.960050375154703,430.0,82.98996302165874,True,1.013510219112039
